task_number,task_score,restarted_mid_task
1,13.5665533023,0
2,12.0533504966,0
3,6.7097061139,0
4,39.0953886391,0
5,0.0956353103,0
6,9.8995027542,1
1,2.2416858673,1
1,3.9655487537,1
1,13.2852352940,0
2,4.4135645518,0
3,26.3366167289,0
4,19.5109152337,0
5,12.2805733681,1
